{
    "BlendMode": 5,
    "EmitRate": 1000,
    "EndColor": {
        "Max": {
            "w": 0.0,
            "x": 0.4710425138473511,
            "y": 1.0,
            "z": 0.0
        },
        "Min": {
            "w": 0.0,
            "x": 0.0,
            "y": 1.0,
            "z": 0.40926623344421387
        }
    },
    "EndRotate": {
        "Max": {
            "x": 0.0,
            "y": 8.100000381469727,
            "z": 0.0
        },
        "Min": {
            "x": 0.0,
            "y": 0.0,
            "z": 0.0
        }
    },
    "EndSize": {
        "Max": 1.0,
        "Min": 1.0
    },
    "GrainTransform": {
        "Rotate": {
            "Max": {
                "x": 0.0,
                "y": 0.0,
                "z": 0.0
            },
            "Min": {
                "x": 0.0,
                "y": 0.0,
                "z": 0.0
            }
        },
        "Scale": {
            "Max": {
                "x": 0.10000000149011612,
                "y": 0.10000000149011612,
                "z": 1.0
            },
            "Min": {
                "x": 0.10000000149011612,
                "y": 0.10000000149011612,
                "z": 1.0
            }
        }
    },
    "LifeTime": {
        "Max": 3.0,
        "Min": 1.0
    },
    "MaxGrains": 99999,
    "Primitive": 3,
    "StartColor": {
        "Max": {
            "w": 1.0,
            "x": 0.9768339991569519,
            "y": 0.9730624556541443,
            "z": 0.0
        },
        "Min": {
            "w": 1.0,
            "x": 1.0,
            "y": 0.27799224853515625,
            "z": 0.0
        }
    },
    "StartRotate": {
        "Max": {
            "x": 0.0,
            "y": 7.800000190734863,
            "z": 23.799999237060547
        },
        "Min": {
            "x": 0.0,
            "y": 11.699999809265137,
            "z": 0.0
        }
    },
    "StartSize": {
        "Max": 1.0,
        "Min": 1.0
    },
    "Texture": "convergence.png",
    "Velocity": {
        "Max": {
            "x": 5.0,
            "y": 5.0,
            "z": 5.0
        },
        "Min": {
            "x": -5.0,
            "y": -5.0,
            "z": -5.0
        }
    }
}